1-Barrel2-(R=0.980392,G=1.000000,B=1.000000,A=1.000000)
2-Barrel2-(R=0.960784,G=1.000000,B=1.000000,A=1.000000)
3-Barrel-(R=0.941176,G=1.000000,B=1.000000,A=1.000000)
4-Barrel-(R=0.921569,G=1.000000,B=1.000000,A=1.000000)
5-Barrel-(R=0.901961,G=1.000000,B=1.000000,A=1.000000)
6-Barrel2-(R=0.882353,G=1.000000,B=1.000000,A=1.000000)
7-Barrel2-(R=0.862745,G=1.000000,B=1.000000,A=1.000000)
8-Box-(R=0.843137,G=1.000000,B=1.000000,A=1.000000)
9-Box-(R=0.823529,G=1.000000,B=1.000000,A=1.000000)
10-Box-(R=0.803922,G=1.000000,B=1.000000,A=1.000000)
11-Box-(R=0.784314,G=1.000000,B=1.000000,A=1.000000)
12-Box-(R=0.764706,G=1.000000,B=1.000000,A=1.000000)
13-Box-(R=0.745098,G=1.000000,B=1.000000,A=1.000000)
14-Box-(R=0.725490,G=1.000000,B=1.000000,A=1.000000)
15-Box-(R=0.705882,G=1.000000,B=1.000000,A=1.000000)
16-Box-(R=0.686274,G=1.000000,B=1.000000,A=1.000000)
17-Box-(R=0.666667,G=1.000000,B=1.000000,A=1.000000)
18-Box-(R=0.647059,G=1.000000,B=1.000000,A=1.000000)
19-Box-(R=0.627451,G=1.000000,B=1.000000,A=1.000000)
20-Box-(R=0.607843,G=1.000000,B=1.000000,A=1.000000)
21-CartonBox-(R=0.588235,G=1.000000,B=1.000000,A=1.000000)
22-CartonBox-(R=0.568627,G=1.000000,B=1.000000,A=1.000000)
23-CartonBox-(R=0.549020,G=1.000000,B=1.000000,A=1.000000)
24-CartonBox-(R=0.529412,G=1.000000,B=1.000000,A=1.000000)
25-CartonBox-(R=0.509804,G=1.000000,B=1.000000,A=1.000000)
26-CartonBox-(R=0.490196,G=1.000000,B=1.000000,A=1.000000)
27-CartonBox-(R=0.470588,G=1.000000,B=1.000000,A=1.000000)
28-CartonBox-(R=0.450980,G=1.000000,B=1.000000,A=1.000000)
29-CartonBox-(R=0.431373,G=1.000000,B=1.000000,A=1.000000)
30-CartonBox-(R=0.411765,G=1.000000,B=1.000000,A=1.000000)
31-CartonBox-(R=0.392157,G=1.000000,B=1.000000,A=1.000000)
32-CartonBox-(R=0.372549,G=1.000000,B=1.000000,A=1.000000)
33-CartonBox-(R=0.352941,G=1.000000,B=1.000000,A=1.000000)
34-CartonBox-(R=0.333333,G=1.000000,B=1.000000,A=1.000000)
35-CartonBox-(R=0.313725,G=1.000000,B=1.000000,A=1.000000)
36-CartonBox-(R=0.294118,G=1.000000,B=1.000000,A=1.000000)
37-CartonBox-(R=0.274510,G=1.000000,B=1.000000,A=1.000000)
38-CartonBox-(R=0.254902,G=1.000000,B=1.000000,A=1.000000)
39-CartonBox-(R=0.235294,G=1.000000,B=1.000000,A=1.000000)
40-CartonBox-(R=0.215686,G=1.000000,B=1.000000,A=1.000000)
41-CartonBox-(R=0.196078,G=1.000000,B=1.000000,A=1.000000)
42-CartonBox-(R=0.176471,G=1.000000,B=1.000000,A=1.000000)
43-CartonBox-(R=0.156863,G=1.000000,B=1.000000,A=1.000000)
44-CartonBox-(R=0.137255,G=1.000000,B=1.000000,A=1.000000)
45-CartonBox-(R=0.117647,G=1.000000,B=1.000000,A=1.000000)
46-CartonBox-(R=0.098039,G=1.000000,B=1.000000,A=1.000000)
47-CartonBox-(R=0.078431,G=1.000000,B=1.000000,A=1.000000)
48-CartonBox-(R=0.058824,G=1.000000,B=1.000000,A=1.000000)
49-CartonBox-(R=0.039225,G=1.000000,B=1.000000,A=1.000000)
50-CartonBox-(R=0.015589,G=1.000000,B=1.000000,A=1.000000)
51-CartonBox-(R=1.000000,G=0.980392,B=1.000000,A=1.000000)
52-CartonBox-(R=0.980392,G=0.980392,B=1.000000,A=1.000000)
53-CartonBox-(R=0.960784,G=0.980392,B=1.000000,A=1.000000)
54-CartonBox-(R=0.941176,G=0.980392,B=1.000000,A=1.000000)
55-CartonBox-(R=0.921569,G=0.980392,B=1.000000,A=1.000000)
56-CartonBox-(R=0.901961,G=0.980392,B=1.000000,A=1.000000)
57-CartonBox-(R=0.882353,G=0.980392,B=1.000000,A=1.000000)
58-CartonBox-(R=0.862745,G=0.980392,B=1.000000,A=1.000000)
59-CartonBox-(R=0.843137,G=0.980392,B=1.000000,A=1.000000)
60-CartonBox-(R=0.823529,G=0.980392,B=1.000000,A=1.000000)
61-CartonBox-(R=0.803922,G=0.980392,B=1.000000,A=1.000000)
62-CartonBox-(R=0.784314,G=0.980392,B=1.000000,A=1.000000)
63-CartonBox-(R=0.764706,G=0.980392,B=1.000000,A=1.000000)
64-CartonBox-(R=0.745098,G=0.980392,B=1.000000,A=1.000000)
65-CartonBox-(R=0.725490,G=0.980392,B=1.000000,A=1.000000)
66-CartonBox-(R=0.705882,G=0.980392,B=1.000000,A=1.000000)
67-CartonBox-(R=0.686274,G=0.980392,B=1.000000,A=1.000000)
68-CartonBox-(R=0.666667,G=0.980392,B=1.000000,A=1.000000)
69-CartonBox-(R=0.647059,G=0.980392,B=1.000000,A=1.000000)
70-CartonBox-(R=0.627451,G=0.980392,B=1.000000,A=1.000000)
71-CartonBox-(R=0.607843,G=0.980392,B=1.000000,A=1.000000)
72-CartonBox-(R=0.588235,G=0.980392,B=1.000000,A=1.000000)
73-CartonBox-(R=0.568627,G=0.980392,B=1.000000,A=1.000000)
74-CartonBox-(R=0.549020,G=0.980392,B=1.000000,A=1.000000)
75-CartonBox-(R=0.529412,G=0.980392,B=1.000000,A=1.000000)
76-CartonBox-(R=0.509804,G=0.980392,B=1.000000,A=1.000000)
77-CartonBox-(R=0.490196,G=0.980392,B=1.000000,A=1.000000)
78-CartonBox-(R=0.470588,G=0.980392,B=1.000000,A=1.000000)
79-CartonBox-(R=0.450980,G=0.980392,B=1.000000,A=1.000000)
80-CartonBox-(R=0.431373,G=0.980392,B=1.000000,A=1.000000)
81-CartonBox-(R=0.411765,G=0.980392,B=1.000000,A=1.000000)
82-CartonBox-(R=0.392157,G=0.980392,B=1.000000,A=1.000000)
83-CartonBox-(R=0.372549,G=0.980392,B=1.000000,A=1.000000)
84-CartonBox-(R=0.352941,G=0.980392,B=1.000000,A=1.000000)
85-CartonBox-(R=0.333333,G=0.980392,B=1.000000,A=1.000000)
86-CartonBox-(R=0.313725,G=0.980392,B=1.000000,A=1.000000)
87-CartonBox-(R=0.294118,G=0.980392,B=1.000000,A=1.000000)
88-CartonBox-(R=0.274510,G=0.980392,B=1.000000,A=1.000000)
89-CartonBox-(R=0.254902,G=0.980392,B=1.000000,A=1.000000)
90-CartonBox-(R=0.235294,G=0.980392,B=1.000000,A=1.000000)
91-CartonBox-(R=0.215686,G=0.980392,B=1.000000,A=1.000000)
92-CartonBox-(R=0.196078,G=0.980392,B=1.000000,A=1.000000)
93-CartonBox-(R=0.176471,G=0.980392,B=1.000000,A=1.000000)
94-CartonBox-(R=0.156863,G=0.980392,B=1.000000,A=1.000000)
95-CartonBox-(R=0.137255,G=0.980392,B=1.000000,A=1.000000)
96-CartonBox-(R=0.117647,G=0.980392,B=1.000000,A=1.000000)
97-CartonBox-(R=0.098039,G=0.980392,B=1.000000,A=1.000000)
98-CartonBox-(R=0.078431,G=0.980392,B=1.000000,A=1.000000)
99-CartonBox-(R=0.058824,G=0.980392,B=1.000000,A=1.000000)
100-CartonBox-(R=0.039225,G=0.980392,B=1.000000,A=1.000000)
101-CartonBox-(R=0.015589,G=0.980392,B=1.000000,A=1.000000)
102-CartonBox-(R=1.000000,G=0.960784,B=1.000000,A=1.000000)
103-CartonBox-(R=0.980392,G=0.960784,B=1.000000,A=1.000000)
104-CartonBox-(R=0.960784,G=0.960784,B=1.000000,A=1.000000)
105-CartonBox-(R=0.941176,G=0.960784,B=1.000000,A=1.000000)
106-CartonBox-(R=0.921569,G=0.960784,B=1.000000,A=1.000000)
107-CartonBox-(R=0.901961,G=0.960784,B=1.000000,A=1.000000)
108-CartonBox-(R=0.882353,G=0.960784,B=1.000000,A=1.000000)
109-CartonBox-(R=0.862745,G=0.960784,B=1.000000,A=1.000000)
110-CartonBox-(R=0.843137,G=0.960784,B=1.000000,A=1.000000)
111-CartonBox-(R=0.823529,G=0.960784,B=1.000000,A=1.000000)
112-CartonBox-(R=0.803922,G=0.960784,B=1.000000,A=1.000000)
113-CartonBox-(R=0.784314,G=0.960784,B=1.000000,A=1.000000)
114-Hose-(R=0.764706,G=0.960784,B=1.000000,A=1.000000)
115-Hose-(R=0.745098,G=0.960784,B=1.000000,A=1.000000)
116-Hose-(R=0.725490,G=0.960784,B=1.000000,A=1.000000)
117-Hose-(R=0.705882,G=0.960784,B=1.000000,A=1.000000)
118-Hose-(R=0.686274,G=0.960784,B=1.000000,A=1.000000)
119-Ladder-(R=0.666667,G=0.960784,B=1.000000,A=1.000000)
120-Ladder-(R=0.647059,G=0.960784,B=1.000000,A=1.000000)
121-Pallet-(R=0.627451,G=0.960784,B=1.000000,A=1.000000)
122-Pallet-(R=0.607843,G=0.960784,B=1.000000,A=1.000000)
123-Gas-(R=0.588235,G=0.960784,B=1.000000,A=1.000000)
124-Gas-(R=0.568627,G=0.960784,B=1.000000,A=1.000000)
125-Gas-(R=0.549020,G=0.960784,B=1.000000,A=1.000000)
126-Gas-(R=0.529412,G=0.960784,B=1.000000,A=1.000000)
127-Gas-(R=0.509804,G=0.960784,B=1.000000,A=1.000000)
128-Gas-(R=0.490196,G=0.960784,B=1.000000,A=1.000000)
129-Gas-(R=0.470588,G=0.960784,B=1.000000,A=1.000000)
130-Gas-(R=0.450980,G=0.960784,B=1.000000,A=1.000000)
131-Gas-(R=0.431373,G=0.960784,B=1.000000,A=1.000000)
132-Gas-(R=0.411765,G=0.960784,B=1.000000,A=1.000000)
133-Gas-(R=0.392157,G=0.960784,B=1.000000,A=1.000000)
134-Gas-(R=0.372549,G=0.960784,B=1.000000,A=1.000000)
135-Rack-(R=0.352941,G=0.960784,B=1.000000,A=1.000000)
136-Rack-(R=0.333333,G=0.960784,B=1.000000,A=1.000000)
137-Rack-(R=0.313725,G=0.960784,B=1.000000,A=1.000000)
138-Rack-(R=0.294118,G=0.960784,B=1.000000,A=1.000000)
139-Rack-(R=0.274510,G=0.960784,B=1.000000,A=1.000000)
140-Rack-(R=0.254902,G=0.960784,B=1.000000,A=1.000000)
141-Rack-(R=0.235294,G=0.960784,B=1.000000,A=1.000000)
142-Rack-(R=0.215686,G=0.960784,B=1.000000,A=1.000000)
143-Rack-(R=0.196078,G=0.960784,B=1.000000,A=1.000000)
144-Rack-(R=0.176471,G=0.960784,B=1.000000,A=1.000000)
145-Rack-(R=0.156863,G=0.960784,B=1.000000,A=1.000000)
146-Rack-(R=0.137255,G=0.960784,B=1.000000,A=1.000000)
147-Rack-(R=0.117647,G=0.960784,B=1.000000,A=1.000000)
148-Machine-(R=0.098039,G=0.960784,B=1.000000,A=1.000000)
149-Machine-(R=0.078431,G=0.960784,B=1.000000,A=1.000000)
150-Wire-(R=0.058824,G=0.960784,B=1.000000,A=1.000000)
151-Wire-(R=0.039225,G=0.960784,B=1.000000,A=1.000000)
152-Wire-(R=0.015589,G=0.960784,B=1.000000,A=1.000000)
153-Wire-(R=1.000000,G=0.941176,B=1.000000,A=1.000000)
154-Wire-(R=0.980392,G=0.941176,B=1.000000,A=1.000000)
155-GasLarge-(R=0.960784,G=0.941176,B=1.000000,A=1.000000)
156-GasLarge-(R=0.941176,G=0.941176,B=1.000000,A=1.000000)
157-TrafficBarrel-(R=0.921569,G=0.941176,B=1.000000,A=1.000000)
158-TrafficBarrel-(R=0.901961,G=0.941176,B=1.000000,A=1.000000)
159-TrafficBarrel-(R=0.882353,G=0.941176,B=1.000000,A=1.000000)
160-WaterTank-(R=0.862745,G=0.941176,B=1.000000,A=1.000000)
161-WaterTank-(R=0.843137,G=0.941176,B=1.000000,A=1.000000)
162-WaterTank-(R=0.823529,G=0.941176,B=1.000000,A=1.000000)
163-Tire-(R=0.803922,G=0.941176,B=1.000000,A=1.000000)
164-Tire-(R=0.784314,G=0.941176,B=1.000000,A=1.000000)
165-Tire-(R=0.764706,G=0.941176,B=1.000000,A=1.000000)
166-Tire-(R=0.745098,G=0.941176,B=1.000000,A=1.000000)
167-Tire-(R=0.725490,G=0.941176,B=1.000000,A=1.000000)
168-Tire-(R=0.705882,G=0.941176,B=1.000000,A=1.000000)
169-Tire-(R=0.686274,G=0.941176,B=1.000000,A=1.000000)
170-Tire-(R=0.666667,G=0.941176,B=1.000000,A=1.000000)
171-Tire-(R=0.647059,G=0.941176,B=1.000000,A=1.000000)
172-Tire-(R=0.627451,G=0.941176,B=1.000000,A=1.000000)
173-Tire-(R=0.607843,G=0.941176,B=1.000000,A=1.000000)
174-Tire-(R=0.588235,G=0.941176,B=1.000000,A=1.000000)
